H,D,A,O25,FTR,Over25,BTTS,FTHG,FTAG,HomeTeam,AwayTeam,Date,League
1.2,7.0,13.0,1.57,H,1.0,0.0,3,0,Arsenal,Coventry,21/08/2026,E0
8.5,5.0,1.36,1.67,H,0.0,0.0,2,0,Hull,Man United,22/08/2026,E0
2.15,3.5,3.3,1.95,H,0.0,0.0,2,0,Everton,Crystal Palace,22/08/2026,E0
2.7,3.3,2.63,1.98,H,1.0,1.0,2,1,Ipswich,Sunderland,22/08/2026,E0
2.3,3.4,3.1,1.98,A,0.0,0.0,0,1,Nott'm Forest,Leeds,22/08/2026,E0
2.4,3.7,2.75,1.67,H,1.0,0.0,3,0,Brentford,Tottenham,22/08/2026,E0
2.15,3.6,3.0,1.73,H,1.0,0.0,4,0,Brighton,Aston Villa,23/08/2026,E0
1.48,4.5,6.25,1.44,H,1.0,1.0,2,1,Man City,Bournemouth,23/08/2026,E0
4.0,3.8,1.9,1.5,D,1.0,1.0,2,2,Newcastle,Liverpool,23/08/2026,E0
3.6,3.8,1.9,1.67,A,1.0,1.0,2,3,Fulham,Chelsea,24/08/2026,E0
5.0,3.9,1.67,1.73,A,1.0,1.0,1,4,Crystal Palace,Man City,28/08/2026,E0
1.5,4.5,5.75,1.62,D,1.0,1.0,2,2,Liverpool,Nott'm Forest,29/08/2026,E0
2.05,3.5,3.6,1.91,D,0.0,1.0,1,1,Bournemouth,Everton,29/08/2026,E0
1.9,3.5,4.2,1.91,A,0.0,0.0,0,1,Coventry,Hull,29/08/2026,E0
2.25,3.75,2.9,1.62,A,0.0,0.0,0,2,Tottenham,Newcastle,29/08/2026,E0
1.83,4.0,4.0,1.62,H,1.0,1.0,4,3,Chelsea,Brighton,30/08/2026,E0
2.6,3.3,2.7,1.9,D,0.0,1.0,1,1,Leeds,Brentford,30/08/2026,E0
2.4,3.2,3.1,2.0,H,0.0,0.0,1,0,Sunderland,Fulham,30/08/2026,E0
1.42,5.0,7.0,1.57,H,1.0,1.0,5,2,Man United,Ipswich,30/08/2026,E0
6.0,4.1,1.53,1.83,A,0.0,0.0,0,1,Aston Villa,Arsenal,31/08/2026,E0
5.25,4.75,1.5,1.4,A,0.0,0.0,0,2,Ipswich,Liverpool,04/09/2026,E0
2.1,3.6,3.3,1.57,D,1.0,1.0,2,2,Newcastle,Bournemouth,05/09/2026,E0
1.62,3.9,5.5,1.8,D,0.0,1.0,1,1,Brentford,Sunderland,05/09/2026,E0
1.95,3.5,3.9,1.91,D,0.0,1.0,1,1,Brighton,Leeds,05/09/2026,E0
2.3,3.25,3.25,1.91,A,1.0,1.0,2,3,Fulham,Crystal Palace,05/09/2026,E0
1.18,8.0,12.0,1.36,H,0.0,0.0,1,0,Man City,Coventry,05/09/2026,E0
2.4,3.4,2.9,1.91,D,0.0,0.0,0,0,Nott'm Forest,Tottenham,05/09/2026,E0
4.2,3.6,1.85,1.88,D,0.0,0.0,0,0,Hull,Aston Villa,05/09/2026,E0
3.3,3.5,2.1,1.73,D,1.0,1.0,2,2,Everton,Man United,06/09/2026,E0
1.67,3.75,5.25,1.73,H,1.0,1.0,2,1,Arsenal,Chelsea,06/09/2026,E0
1.49,3.9,6.25,1.91,D,1.0,1.0,2,2,Wolves,Blackburn,14/08/2026,E1
2.15,3.3,3.3,2.0,H,1.0,1.0,2,1,Bolton,Preston,15/08/2026,E1
2.5,3.4,2.65,1.98,A,0.0,0.0,0,2,Bristol City,Millwall,15/08/2026,E1
2.65,3.2,2.65,2.2,H,1.0,1.0,2,1,Charlton,Derby,15/08/2026,E1
1.3,5.5,8.0,1.67,H,1.0,1.0,2,1,Middlesbrough,Lincoln,15/08/2026,E1
1.91,3.5,3.8,1.98,A,1.0,1.0,1,2,Norwich,West Brom,15/08/2026,E1
2.25,3.4,3.0,2.0,A,1.0,1.0,1,3,Portsmouth,QPR,15/08/2026,E1
2.32,3.2,3.1,2.1,A,1.0,1.0,1,2,Stoke,Swansea,15/08/2026,E1
2.45,3.3,2.75,2.03,D,0.0,0.0,0,0,Sheffield United,Birmingham,15/08/2026,E1
3.4,3.5,2.05,1.73,H,1.0,1.0,2,1,Watford,Southampton,16/08/2026,E1
2.85,3.5,2.25,1.73,D,1.0,1.0,2,2,Burnley,West Ham,16/08/2026,E1
2.3,3.5,2.82,1.73,D,0.0,1.0,1,1,Cardiff,Wrexham,17/08/2026,E1
1.71,3.75,4.33,1.8,D,1.0,1.0,2,2,Birmingham,Bristol City,22/08/2026,E1
2.35,3.4,2.75,2.0,A,1.0,1.0,1,3,Lincoln,Portsmouth,22/08/2026,E1
2.15,3.4,3.1,2.0,H,1.0,0.0,3,0,Millwall,Norwich,22/08/2026,E1
3.5,3.4,2.01,2.0,H,1.0,1.0,2,1,Blackburn,Middlesbrough,22/08/2026,E1
1.91,3.5,3.75,2.03,D,1.0,1.0,2,2,Derby,Cardiff,22/08/2026,E1
4.2,3.4,1.81,1.8,A,1.0,1.0,1,3,Preston,Wolves,22/08/2026,E1
1.86,3.6,3.75,1.93,D,0.0,0.0,0,0,QPR,Bolton,22/08/2026,E1
1.57,4.0,5.0,1.73,H,1.0,1.0,3,1,Southampton,Stoke,22/08/2026,E1
2.32,3.4,2.82,1.9,D,0.0,0.0,0,0,Swansea,Sheffield United,22/08/2026,E1
1.33,4.75,8.0,1.73,A,1.0,1.0,1,2,West Ham,Charlton,22/08/2026,E1
1.86,3.5,4.0,1.9,D,0.0,1.0,1,1,Wrexham,Watford,22/08/2026,E1
2.7,3.3,2.45,2.1,H,1.0,1.0,3,1,West Brom,Burnley,23/08/2026,E1
2.15,3.4,3.3,2.0,A,1.0,1.0,1,2,Wrexham,Birmingham,28/08/2026,E1
2.2,3.25,3.2,2.1,A,1.0,0.0,0,3,Derby,Swansea,29/08/2026,E1
1.71,3.8,4.5,1.88,H,1.0,1.0,3,1,Middlesbrough,West Brom,29/08/2026,E1
1.45,4.33,6.5,1.73,H,1.0,1.0,4,1,Wolves,Stoke,29/08/2026,E1
2.5,3.3,2.65,2.0,A,1.0,1.0,1,2,Blackburn,QPR,29/08/2026,E1
2.45,3.25,2.75,2.05,A,0.0,0.0,0,1,Bolton,Lincoln,29/08/2026,E1
2.1,3.4,3.3,2.1,H,1.0,1.0,2,1,Bristol City,Portsmouth,29/08/2026,E1
2.55,3.5,2.5,1.73,D,1.0,1.0,2,2,Cardiff,Sheffield United,29/08/2026,E1
2.05,3.3,3.6,2.1,H,0.0,0.0,1,0,Charlton,Preston,29/08/2026,E1
2.2,3.6,3.0,1.8,H,1.0,1.0,4,1,Norwich,Burnley,29/08/2026,E1
1.91,3.6,3.6,1.83,H,1.0,1.0,5,1,Southampton,Millwall,29/08/2026,E1
3.9,3.8,1.79,1.62,D,0.0,1.0,1,1,Watford,West Ham,29/08/2026,E1
2.2,3.4,3.1,1.93,D,0.0,0.0,0,0,Lincoln,Blackburn,01/09/2026,E1
1.86,3.4,4.0,2.0,A,0.0,0.0,0,2,Portsmouth,Derby,01/09/2026,E1
2.82,3.4,2.32,1.93,A,1.0,1.0,1,3,Preston,Bristol City,01/09/2026,E1
1.57,3.9,5.25,1.73,H,1.0,1.0,3,2,Sheffield United,Bolton,01/09/2026,E1
1.76,3.6,4.2,1.93,H,0.0,0.0,2,0,Swansea,Watford,01/09/2026,E1
2.01,3.6,3.4,1.67,H,1.0,1.0,4,2,West Ham,Wolves,01/09/2026,E1
2.5,3.3,2.57,1.8,D,0.0,1.0,1,1,Birmingham,Southampton,01/09/2026,E1
3.4,3.6,2.01,1.8,H,0.0,0.0,1,0,Stoke,Norwich,01/09/2026,E1
2.2,3.25,3.25,1.91,A,1.0,0.0,0,3,Millwall,Wrexham,02/09/2026,E1
1.86,3.6,3.75,1.73,H,1.0,1.0,2,1,QPR,Cardiff,02/09/2026,E1
1.71,3.5,4.75,2.1,D,0.0,1.0,1,1,West Brom,Charlton,02/09/2026,E1
2.82,3.4,2.32,1.8,D,0.0,1.0,1,1,Burnley,Middlesbrough,02/09/2026,E1
4.2,3.8,1.76,1.73,D,0.0,1.0,1,1,Lincoln,Southampton,05/09/2026,E1
2.3,3.25,3.0,2.0,H,1.0,1.0,2,1,Preston,Blackburn,05/09/2026,E1
2.05,3.25,3.5,2.1,H,1.0,0.0,4,0,Stoke,Charlton,05/09/2026,E1
1.81,3.6,4.0,1.83,A,1.0,1.0,1,2,Burnley,Bristol City,05/09/2026,E1
1.86,3.4,4.0,2.0,H,1.0,0.0,4,0,Millwall,Bolton,05/09/2026,E1
2.32,3.4,2.85,1.73,H,0.0,0.0,2,0,Portsmouth,Cardiff,05/09/2026,E1
3.2,3.4,2.15,1.73,A,0.0,0.0,0,1,QPR,Middlesbrough,05/09/2026,E1
2.55,3.3,2.57,1.8,A,1.0,1.0,1,3,Sheffield United,Norwich,05/09/2026,E1
1.81,3.6,4.0,1.91,H,0.0,0.0,1,0,West Brom,Watford,05/09/2026,E1
1.33,5.0,7.5,1.67,H,1.0,0.0,3,0,West Ham,Derby,05/09/2026,E1
2.15,3.25,3.3,2.0,D,0.0,0.0,0,0,Swansea,Wrexham,05/09/2026,E1
2.85,3.25,2.35,2.1,D,1.0,1.0,2,2,Birmingham,Wolves,06/09/2026,E1
3.0,3.4,2.25,1.88,A,1.0,1.0,1,2,Blackburn,Sheffield United,08/09/2026,E1
1.96,3.6,3.5,1.62,D,0.0,1.0,1,1,Cardiff,Stoke,08/09/2026,E1
1.76,3.8,4.0,1.73,H,1.0,1.0,3,1,Southampton,Swansea,08/09/2026,E1
2.05,3.4,3.4,1.93,H,1.0,1.0,2,1,Watford,Preston,08/09/2026,E1
2.01,3.4,3.6,1.93,D,0.0,1.0,1,1,Wrexham,Burnley,08/09/2026,E1
5.0,4.0,1.56,1.57,A,1.0,1.0,2,3,Bolton,West Ham,08/09/2026,E1
3.0,3.25,2.3,1.98,A,0.0,0.0,0,1,Derby,West Brom,09/09/2026,E1
1.86,3.5,3.9,1.8,H,1.0,1.0,2,1,Norwich,Birmingham,09/09/2026,E1
3.2,3.25,2.2,1.98,D,0.0,0.0,0,0,Charlton,QPR,09/09/2026,E1
3.6,3.4,1.96,2.03,D,0.0,1.0,1,1,Notts County,Leicester,15/08/2026,E2
2.1,3.3,3.3,2.1,D,1.0,1.0,2,2,Oxford,Milton Keynes Dons,15/08/2026,E2
3.3,3.4,2.05,1.93,A,1.0,1.0,3,4,Reading,Luton,15/08/2026,E2
2.05,3.5,3.3,1.9,A,0.0,0.0,0,1,Barnsley,Bromley,15/08/2026,E2
2.45,3.3,2.65,1.93,D,0.0,1.0,1,1,Blackpool,Wycombe,15/08/2026,E2
1.62,3.8,4.75,1.83,H,0.0,0.0,2,0,Bradford,Peterboro,15/08/2026,E2
2.25,3.2,3.1,2.4,D,0.0,1.0,1,1,Burton,Stevenage,15/08/2026,E2
2.35,3.2,2.85,2.25,H,1.0,1.0,3,2,Cambridge,Wigan,15/08/2026,E2
1.57,3.75,5.25,1.73,H,1.0,0.0,3,0,Huddersfield,AFC Wimbledon,15/08/2026,E2
2.85,3.4,2.25,1.93,A,1.0,1.0,1,2,Leyton Orient,Sheffield Weds,15/08/2026,E2
2.05,3.4,3.3,1.95,H,1.0,1.0,2,1,Mansfield,Doncaster,15/08/2026,E2
2.05,3.5,3.2,1.7,A,1.0,1.0,1,3,Plymouth,Stockport,15/08/2026,E2
2.4,3.3,2.7,1.95,A,0.0,0.0,0,1,Sheffield Weds,Bradford,20/08/2026,E2
1.96,3.5,3.5,1.75,D,0.0,0.0,0,0,Doncaster,Barnsley,22/08/2026,E2
1.57,3.9,5.0,1.73,D,1.0,1.0,2,2,Luton,Notts County,22/08/2026,E2
2.5,3.25,2.57,2.05,D,0.0,0.0,0,0,AFC Wimbledon,Reading,22/08/2026,E2
2.65,3.1,2.55,2.08,D,0.0,1.0,1,1,Bromley,Cambridge,22/08/2026,E2
1.49,4.2,5.5,1.67,A,1.0,1.0,1,2,Leicester,Burton,22/08/2026,E2
2.57,3.3,2.5,1.9,D,0.0,1.0,1,1,Milton Keynes Dons,Huddersfield,22/08/2026,E2
2.75,3.5,2.25,1.65,H,1.0,1.0,2,1,Peterboro,Mansfield,22/08/2026,E2
2.32,3.2,2.85,2.1,A,1.0,1.0,1,2,Stevenage,Oxford,22/08/2026,E2
1.56,3.7,5.5,1.8,A,1.0,1.0,1,2,Stockport,Blackpool,22/08/2026,E2
2.15,3.1,3.25,2.1,A,0.0,0.0,0,2,Wigan,Leyton Orient,22/08/2026,E2
2.4,3.3,2.7,1.8,D,0.0,1.0,1,1,Wycombe,Plymouth,22/08/2026,E2
1.71,3.8,4.2,1.62,H,1.0,0.0,4,0,Blackpool,Peterboro,29/08/2026,E2
2.7,3.4,2.35,1.75,D,0.0,0.0,0,0,Milton Keynes Dons,Leicester,29/08/2026,E2
3.0,3.3,2.3,1.8,A,1.0,1.0,1,2,Cambridge,Huddersfield,29/08/2026,E2
2.15,3.4,3.0,1.75,A,1.0,1.0,1,3,Leyton Orient,Barnsley,29/08/2026,E2
2.2,3.4,3.0,2.03,H,1.0,1.0,2,1,Notts County,Burton,29/08/2026,E2
2.15,3.3,3.2,1.8,H,0.0,0.0,2,0,Plymouth,Bradford,29/08/2026,E2
1.79,3.6,4.1,1.88,H,1.0,1.0,7,2,Sheffield Weds,Bromley,29/08/2026,E2
2.15,3.2,3.3,2.1,D,1.0,1.0,2,2,Stevenage,Doncaster,29/08/2026,E2
1.86,3.5,3.9,1.85,H,1.0,1.0,5,1,Stockport,Wycombe,29/08/2026,E2
3.2,3.2,2.2,2.08,H,0.0,0.0,1,0,AFC Wimbledon,Wigan,30/08/2026,E2
2.85,3.4,2.25,1.65,H,1.0,1.0,5,2,Mansfield,Luton,30/08/2026,E2
1.71,3.4,4.5,2.0,A,1.0,1.0,1,2,Bradford,Cambridge,01/09/2026,E2
2.57,3.1,2.57,1.9,A,1.0,0.0,0,5,Bromley,Leyton Orient,01/09/2026,E2
2.15,3.4,3.0,1.95,D,0.0,1.0,1,1,Doncaster,Notts County,01/09/2026,E2
1.66,3.8,4.5,1.7,H,1.0,1.0,3,1,Huddersfield,Oxford,01/09/2026,E2
1.86,3.6,3.6,1.65,H,0.0,0.0,2,0,Leicester,Plymouth,01/09/2026,E2
2.4,3.1,2.82,2.0,D,0.0,0.0,0,0,Peterboro,Stevenage,01/09/2026,E2
2.57,3.3,2.45,1.67,A,1.0,1.0,1,2,Wycombe,Sheffield Weds,01/09/2026,E2
2.1,3.5,3.0,1.7,H,1.0,1.0,2,1,Barnsley,Blackpool,02/09/2026,E2
1.91,3.25,4.0,2.05,H,1.0,1.0,4,1,Burton,AFC Wimbledon,02/09/2026,E2
2.15,3.4,3.1,1.7,H,0.0,0.0,2,0,Luton,Stockport,02/09/2026,E2
2.3,3.25,2.85,2.03,H,1.0,1.0,3,1,Wigan,Milton Keynes Dons,02/09/2026,E2
1.96,3.5,3.4,1.75,H,1.0,0.0,5,0,Reading,Mansfield,02/09/2026,E2
3.1,3.5,2.1,1.53,A,1.0,1.0,1,2,Peterboro,Sheffield Weds,05/09/2026,E2
3.0,3.4,2.2,1.7,A,1.0,0.0,0,4,Wigan,Stockport,05/09/2026,E2
2.05,3.3,3.4,1.98,A,1.0,1.0,1,5,Barnsley,Stevenage,05/09/2026,E2
1.79,3.6,4.0,1.9,H,0.0,0.0,1,0,Bradford,Mansfield,05/09/2026,E2
2.65,3.25,2.45,2.08,D,1.0,1.0,2,2,Burton,Cambridge,05/09/2026,E2
2.35,3.4,2.7,1.75,A,1.0,1.0,2,3,Doncaster,Plymouth,05/09/2026,E2
1.57,3.8,5.0,1.83,D,0.0,1.0,1,1,Huddersfield,Notts County,05/09/2026,E2
1.62,3.75,4.75,1.8,A,1.0,0.0,0,4,Leicester,Oxford,05/09/2026,E2
1.62,4.0,4.5,1.6,D,0.0,1.0,1,1,Luton,Leyton Orient,05/09/2026,E2
1.91,3.4,3.75,1.75,H,1.0,1.0,3,1,Reading,Blackpool,05/09/2026,E2
2.25,3.4,2.82,1.75,D,1.0,1.0,3,3,Wycombe,Milton Keynes Dons,05/09/2026,E2
2.32,3.25,2.82,1.95,A,0.0,0.0,0,2,Bromley,AFC Wimbledon,07/09/2026,E2
3.0,3.4,2.2,2.0,H,1.0,1.0,2,1,Stevenage,Luton,10/09/2026,E2
2.85,3.4,2.25,2.05,H,1.0,0.0,3,0,Newport County,Rochdale,15/08/2026,E3
2.5,3.2,2.65,2.1,H,0.0,0.0,2,0,Oldham,Port Vale,15/08/2026,E3
2.35,3.2,2.85,2.1,D,1.0,1.0,2,2,Accrington,Colchester,15/08/2026,E3
2.25,3.2,3.1,2.03,H,1.0,1.0,3,1,Barnet,Salford,15/08/2026,E3
2.65,3.3,2.45,1.98,H,1.0,1.0,2,1,Cheltenham,Rotherham,15/08/2026,E3
1.76,3.5,4.33,2.03,A,0.0,0.0,0,1,Chesterfield,Fleetwood Town,15/08/2026,E3
2.5,3.25,2.65,2.0,A,0.0,0.0,0,1,Crawley Town,Crewe,15/08/2026,E3
2.15,3.4,3.1,2.0,A,1.0,0.0,0,3,Gillingham,Walsall,15/08/2026,E3
1.76,3.6,4.2,1.85,H,0.0,0.0,1,0,Grimsby,Exeter,15/08/2026,E3
2.05,3.4,3.3,1.98,D,0.0,0.0,0,0,Northampton,Swindon,15/08/2026,E3
2.15,3.3,3.2,2.1,H,0.0,0.0,2,0,Tranmere,Shrewsbury,15/08/2026,E3
2.15,3.2,3.3,2.08,H,1.0,1.0,3,2,York,Bristol Rvs,15/08/2026,E3
1.61,3.6,5.25,1.8,H,1.0,1.0,5,3,Bristol Rvs,Newport County,22/08/2026,E3
1.96,3.1,3.8,2.1,A,0.0,0.0,0,1,Salford,Chesterfield,22/08/2026,E3
2.75,3.2,2.4,2.1,D,0.0,0.0,0,0,Walsall,Grimsby,22/08/2026,E3
2.4,3.4,2.65,1.93,H,1.0,1.0,2,1,Colchester,Oldham,22/08/2026,E3
2.1,3.4,3.2,2.03,H,0.0,0.0,1,0,Crewe,Northampton,22/08/2026,E3
1.91,3.4,3.75,1.95,H,0.0,0.0,2,0,Exeter,Accrington,22/08/2026,E3
1.81,3.4,4.2,1.95,D,0.0,0.0,0,0,Fleetwood Town,Gillingham,22/08/2026,E3
1.68,3.5,4.75,2.1,D,0.0,1.0,1,1,Port Vale,Tranmere,22/08/2026,E3
1.86,3.3,4.0,1.85,A,1.0,1.0,1,2,Rochdale,Crawley Town,22/08/2026,E3
2.45,3.2,2.7,1.95,D,0.0,1.0,1,1,Rotherham,York,22/08/2026,E3
4.0,3.4,1.86,1.95,A,1.0,1.0,1,3,Shrewsbury,Barnet,22/08/2026,E3
1.76,3.7,4.2,1.8,H,1.0,1.0,2,1,Swindon,Cheltenham,22/08/2026,E3
1.57,3.8,5.25,1.85,D,1.0,1.0,2,2,Barnet,Cheltenham,29/08/2026,E3
2.15,3.3,3.2,1.85,D,0.0,0.0,0,0,Port Vale,Crewe,29/08/2026,E3
3.0,3.3,2.25,1.95,H,1.0,1.0,2,1,Rotherham,Chesterfield,29/08/2026,E3
2.2,3.3,3.0,2.0,H,0.0,0.0,1,0,Colchester,Rochdale,29/08/2026,E3
3.4,3.25,2.05,1.98,A,0.0,0.0,0,2,Crawley Town,Bristol Rvs,29/08/2026,E3
2.45,3.3,2.65,2.03,D,0.0,1.0,1,1,Gillingham,Northampton,29/08/2026,E3
1.81,3.5,4.1,1.95,D,1.0,1.0,2,2,Grimsby,Fleetwood Town,29/08/2026,E3
2.5,3.2,2.65,2.15,D,1.0,1.0,2,2,Newport County,Tranmere,29/08/2026,E3
1.91,3.5,3.6,1.9,H,1.0,0.0,3,0,Oldham,Swindon,29/08/2026,E3
3.8,3.5,1.86,2.0,H,0.0,0.0,1,0,Shrewsbury,Salford,29/08/2026,E3
1.81,3.4,4.1,2.05,H,1.0,1.0,3,2,Walsall,Accrington,29/08/2026,E3
1.62,3.75,4.75,1.85,H,1.0,1.0,2,1,York,Exeter,29/08/2026,E3
3.7,3.6,1.91,1.85,D,1.0,1.0,2,2,Accrington,Grimsby,01/09/2026,E3
1.76,3.75,3.9,1.73,H,0.0,0.0,2,0,Bristol Rvs,Colchester,01/09/2026,E3
3.8,3.6,1.81,1.83,H,1.0,1.0,3,2,Cheltenham,York,01/09/2026,E3
1.56,3.8,5.5,1.98,D,0.0,1.0,1,1,Chesterfield,Gillingham,01/09/2026,E3
2.2,3.4,3.0,1.75,D,1.0,1.0,2,2,Crewe,Walsall,01/09/2026,E3
3.8,3.6,1.86,1.67,D,0.0,1.0,1,1,Exeter,Barnet,01/09/2026,E3
2.55,3.2,2.57,2.0,D,0.0,1.0,1,1,Fleetwood Town,Oldham,01/09/2026,E3
1.68,3.6,4.5,1.85,D,0.0,1.0,1,1,Northampton,Crawley Town,01/09/2026,E3
2.15,3.3,3.1,1.95,H,1.0,0.0,3,0,Rochdale,Shrewsbury,01/09/2026,E3
1.46,4.1,6.0,1.6,H,1.0,1.0,2,1,Salford,Newport County,01/09/2026,E3
3.1,3.6,2.01,1.85,H,1.0,1.0,3,1,Swindon,Port Vale,01/09/2026,E3
2.15,3.2,3.2,2.08,D,1.0,1.0,2,2,Tranmere,Rotherham,01/09/2026,E3
1.86,3.4,4.0,2.05,H,0.0,0.0,2,0,Fleetwood Town,Shrewsbury,05/09/2026,E3
1.81,3.5,4.0,1.9,H,0.0,0.0,1,0,Salford,Port Vale,05/09/2026,E3
1.91,3.5,3.5,1.75,H,1.0,1.0,3,2,Accrington,Crawley Town,05/09/2026,E3
1.66,4.0,4.1,1.6,H,0.0,0.0,1,0,Bristol Rvs,Rotherham,05/09/2026,E3
3.6,3.5,1.91,1.75,D,1.0,1.0,2,2,Cheltenham,Grimsby,05/09/2026,E3
2.1,3.4,3.25,1.75,D,1.0,1.0,3,3,Chesterfield,Barnet,05/09/2026,E3
2.82,3.3,2.32,1.85,D,0.0,1.0,1,1,Crewe,York,05/09/2026,E3
2.45,3.3,2.65,1.8,D,0.0,0.0,0,0,Exeter,Walsall,05/09/2026,E3
1.68,3.6,4.5,2.05,H,0.0,0.0,1,0,Northampton,Newport County,05/09/2026,E3
2.05,3.25,3.4,2.08,A,1.0,1.0,1,4,Rochdale,Gillingham,05/09/2026,E3
2.45,3.25,2.65,1.83,H,1.0,1.0,3,1,Swindon,Colchester,05/09/2026,E3
3.1,3.25,2.2,2.03,H,0.0,0.0,2,0,Tranmere,Oldham,05/09/2026,E3
1.22,7.0,10.0,1.2,H,1.0,1.0,5,1,Bayern Munich,Stuttgart,28/08/2026,D1
5.0,4.5,1.57,1.5,H,1.0,1.0,3,2,Elversberg,Leverkusen,29/08/2026,D1
2.88,3.75,2.25,1.53,H,1.0,1.0,3,2,FC Koln,Hoffenheim,29/08/2026,D1
1.65,4.0,5.0,1.67,D,0.0,0.0,0,0,Mainz,Paderborn,29/08/2026,D1
1.57,4.5,5.25,1.5,H,1.0,0.0,3,0,RB Leipzig,M'gladbach,29/08/2026,D1
2.6,3.6,2.6,1.62,D,1.0,1.0,3,3,Union Berlin,Ein Frankfurt,29/08/2026,D1
1.3,5.75,9.0,1.5,H,0.0,0.0,2,0,Dortmund,Hamburg,29/08/2026,D1
1.91,3.6,4.0,1.73,H,1.0,1.0,4,1,Freiburg,Werder Bremen,30/08/2026,D1
2.15,3.7,3.1,1.73,H,1.0,0.0,3,0,Augsburg,Schalke 04,30/08/2026,D1
1.48,5.0,5.5,1.36,H,1.0,1.0,4,1,Stuttgart,FC Koln,04/09/2026,D1
2.88,3.9,2.2,1.44,A,1.0,1.0,2,3,Hoffenheim,Dortmund,05/09/2026,D1
1.44,4.75,6.25,1.44,H,1.0,0.0,4,0,Leverkusen,Union Berlin,05/09/2026,D1
1.9,3.75,3.8,1.57,A,1.0,1.0,3,4,M'gladbach,Elversberg,05/09/2026,D1
3.6,3.6,1.95,1.67,A,0.0,0.0,0,1,Paderborn,Freiburg,05/09/2026,D1
4.33,4.0,1.73,1.5,H,1.0,1.0,3,1,Werder Bremen,RB Leipzig,05/09/2026,D1
15.0,7.5,1.17,1.22,D,0.0,0.0,0,0,Schalke 04,Bayern Munich,05/09/2026,D1
2.88,3.5,2.4,1.73,A,1.0,0.0,0,5,Hamburg,Mainz,06/09/2026,D1
1.91,3.9,3.6,1.5,A,1.0,1.0,1,4,Ein Frankfurt,Augsburg,06/09/2026,D1
2.25,3.5,3.0,1.7,A,0.0,0.0,0,1,Bochum,Hertha,07/08/2026,D2
2.2,3.5,3.1,1.65,D,1.0,1.0,2,2,Darmstadt,Holstein Kiel,08/08/2026,D2
1.62,3.9,5.0,1.67,H,1.0,1.0,4,3,Heidenheim,Osnabruck,08/08/2026,D2
2.7,3.6,2.45,1.57,H,1.0,1.0,2,1,Karlsruhe,Bielefeld,08/08/2026,D2
1.75,3.8,4.33,1.67,A,1.0,1.0,1,6,Magdeburg,Braunschweig,08/08/2026,D2
1.57,4.2,5.0,1.53,D,0.0,0.0,0,0,Wolfsburg,Kaiserslautern,08/08/2026,D2
3.25,3.5,2.1,1.6,H,1.0,1.0,3,1,Cottbus,Hannover,09/08/2026,D2
2.25,3.3,3.1,1.7,H,1.0,0.0,3,0,Nurnberg,Dresden,09/08/2026,D2
1.85,3.8,3.8,1.62,D,0.0,1.0,1,1,St Pauli,Greuther Furth,09/08/2026,D2
2.3,3.5,2.9,1.7,A,0.0,0.0,0,1,Braunschweig,Bochum,14/08/2026,D2
2.4,3.4,2.8,1.75,D,1.0,1.0,2,2,Holstein Kiel,St Pauli,14/08/2026,D2
3.1,3.5,2.2,1.67,A,1.0,1.0,2,4,Greuther Furth,Nurnberg,15/08/2026,D2
2.2,3.5,3.1,1.65,H,1.0,1.0,4,1,Hertha,Heidenheim,15/08/2026,D2
2.55,3.5,2.6,1.57,A,1.0,0.0,0,3,Osnabruck,Magdeburg,15/08/2026,D2
1.85,3.9,3.75,1.53,D,0.0,0.0,0,0,Kaiserslautern,Karlsruhe,15/08/2026,D2
1.7,4.0,4.5,1.57,H,1.0,0.0,3,0,Bielefeld,Cottbus,16/08/2026,D2
2.05,3.7,3.3,1.6,H,0.0,0.0,1,0,Dresden,Darmstadt,16/08/2026,D2
2.5,3.5,2.63,1.62,A,0.0,0.0,0,1,Hannover,Wolfsburg,16/08/2026,D2
1.73,3.75,4.5,1.67,A,0.0,0.0,0,1,Bochum,Osnabruck,28/08/2026,D2
2.88,3.4,2.35,1.65,A,1.0,1.0,3,5,Braunschweig,Hertha,28/08/2026,D2
2.5,3.8,2.5,1.53,A,1.0,1.0,3,4,Cottbus,Greuther Furth,29/08/2026,D2
2.5,3.5,2.7,1.53,H,1.0,1.0,5,3,Heidenheim,Dresden,29/08/2026,D2
3.2,3.7,2.1,1.53,A,1.0,1.0,2,5,Karlsruhe,Wolfsburg,29/08/2026,D2
2.15,3.6,3.1,1.67,H,1.0,1.0,4,1,Nurnberg,Bielefeld,29/08/2026,D2
3.25,3.6,2.05,1.53,A,0.0,0.0,0,1,Darmstadt,Hannover,30/08/2026,D2
2.15,3.6,3.1,1.57,H,0.0,0.0,2,0,Magdeburg,Holstein Kiel,30/08/2026,D2
1.85,3.75,3.9,1.65,A,1.0,1.0,1,2,St Pauli,Kaiserslautern,30/08/2026,D2
2.25,3.4,2.75,1.6,D,1.0,1.0,2,2,Bielefeld,St Pauli,04/09/2026,D2
1.5,4.5,5.25,1.36,D,1.0,1.0,2,2,Hannover,Karlsruhe,04/09/2026,D2
2.4,3.4,2.63,1.57,D,1.0,1.0,2,2,Holstein Kiel,Nurnberg,05/09/2026,D2
2.2,3.5,2.9,1.67,H,1.0,0.0,3,0,Kaiserslautern,Darmstadt,05/09/2026,D2
1.29,5.25,8.0,1.4,D,1.0,1.0,4,4,Wolfsburg,Cottbus,05/09/2026,D2
2.05,3.5,3.1,1.62,A,1.0,1.0,1,2,Dresden,Bochum,05/09/2026,D2
2.88,3.5,2.2,1.5,A,0.0,0.0,0,1,Greuther Furth,Heidenheim,06/09/2026,D2
1.9,3.6,3.6,1.48,H,1.0,1.0,2,1,Hertha,Magdeburg,06/09/2026,D2
2.35,3.3,2.8,1.7,H,1.0,1.0,3,1,Osnabruck,Braunschweig,06/09/2026,D2
1.2,7.0,13.0,1.62,H,1.0,1.0,4,1,Inter,Monza,22/08/2026,I1
4.5,3.6,1.83,2.2,D,0.0,1.0,1,1,Udinese,Como,22/08/2026,I1
4.5,3.4,1.9,2.3,A,0.0,0.0,0,2,Genoa,Napoli,22/08/2026,I1
2.5,3.0,3.1,2.5,A,0.0,0.0,0,1,Parma,Cagliari,22/08/2026,I1
8.0,4.2,1.45,1.83,A,0.0,0.0,0,1,Frosinone,Juventus,23/08/2026,I1
2.25,3.1,3.6,2.3,A,0.0,0.0,0,2,Venezia,Lecce,23/08/2026,I1
1.53,4.1,6.5,1.67,H,1.0,1.0,2,1,Atalanta,Sassuolo,23/08/2026,I1
4.75,3.6,1.75,1.93,A,1.0,1.0,1,2,Torino,Milan,23/08/2026,I1
2.2,3.2,3.5,2.2,A,0.0,0.0,0,1,Bologna,Lazio,24/08/2026,I1
1.57,4.1,5.75,1.88,H,1.0,0.0,4,0,Roma,Fiorentina,24/08/2026,I1
1.45,4.5,7.0,1.73,H,0.0,0.0,2,0,Milan,Venezia,28/08/2026,I1
1.62,4.1,5.25,1.8,A,1.0,0.0,0,3,Fiorentina,Frosinone,29/08/2026,I1
3.1,3.2,2.4,2.2,A,1.0,1.0,2,3,Monza,Udinese,29/08/2026,I1
2.25,3.25,3.3,2.03,H,1.0,1.0,2,1,Sassuolo,Torino,29/08/2026,I1
1.22,6.5,11.0,1.67,H,0.0,0.0,2,0,Juventus,Parma,29/08/2026,I1
2.5,3.0,3.1,2.3,A,1.0,1.0,1,2,Napoli,Como,30/08/2026,I1
7.0,4.5,1.44,1.93,A,0.0,0.0,0,1,Cagliari,Inter,30/08/2026,I1
2.0,3.1,4.33,2.38,H,0.0,0.0,1,0,Lazio,Genoa,30/08/2026,I1
8.0,4.0,1.48,2.1,A,1.0,0.0,0,4,Lecce,Roma,31/08/2026,I1
1.85,3.75,4.0,1.95,H,0.0,0.0,1,0,Atalanta,Bologna,31/08/2026,I1
5.25,3.4,1.75,2.05,A,1.0,1.0,1,4,Genoa,Como,04/09/2026,I1
1.9,3.3,4.5,2.1,A,1.0,1.0,1,2,Fiorentina,Torino,05/09/2026,I1
1.67,3.6,5.5,2.05,H,1.0,1.0,3,2,Inter,Napoli,05/09/2026,I1
1.73,3.6,5.0,1.93,H,1.0,1.0,2,1,Roma,Atalanta,05/09/2026,I1
2.7,3.3,2.6,1.85,H,1.0,1.0,3,2,Frosinone,Venezia,06/09/2026,I1
2.6,3.1,2.9,2.3,D,0.0,1.0,1,1,Parma,Monza,06/09/2026,I1
2.0,3.4,3.9,2.0,D,1.0,1.0,2,2,Bologna,Sassuolo,06/09/2026,I1
2.1,3.25,3.7,2.1,D,0.0,1.0,1,1,Juventus,Milan,06/09/2026,I1
2.0,3.1,4.33,2.38,H,0.0,0.0,1,0,Cagliari,Lecce,07/09/2026,I1
2.9,3.1,2.55,2.3,A,1.0,1.0,1,2,Udinese,Lazio,07/09/2026,I1
2.57,3.0,2.82,2.08,H,1.0,1.0,3,2,Vicenza,Catanzaro,21/08/2026,I2
2.25,3.25,3.1,2.0,A,1.0,1.0,1,2,Carrarese,Mantova,22/08/2026,I2
2.01,3.1,3.9,2.6,H,0.0,0.0,1,0,Sudtirol,Virtus Entella,22/08/2026,I2
2.15,3.25,3.25,2.2,A,1.0,1.0,1,2,Avellino,Arezzo,22/08/2026,I2
2.25,3.25,3.1,2.0,A,1.0,1.0,1,2,Benevento,Modena,22/08/2026,I2
2.7,3.2,2.55,2.08,H,0.0,0.0,1,0,Empoli,Cremonese,22/08/2026,I2
1.66,3.5,5.25,2.15,A,0.0,0.0,0,1,Pisa,Padova,23/08/2026,I2
1.61,3.6,5.5,1.95,A,1.0,1.0,1,2,Verona,Ascoli,23/08/2026,I2
2.35,3.25,2.85,2.05,D,0.0,1.0,1,1,Cesena,Sampdoria,23/08/2026,I2
1.62,3.5,5.5,2.05,H,0.0,0.0,1,0,Palermo,Juve Stabia,23/08/2026,I2
2.15,3.0,3.3,2.3,A,1.0,0.0,0,3,Cremonese,Modena,28/08/2026,I2
1.81,3.1,4.33,2.35,A,1.0,1.0,1,2,Sampdoria,Juve Stabia,29/08/2026,I2
2.15,3.1,3.3,2.1,A,1.0,1.0,1,2,Virtus Entella,Cesena,29/08/2026,I2
1.86,3.2,4.1,2.35,D,0.0,1.0,1,1,Ascoli,Carrarese,29/08/2026,I2
2.35,3.1,2.75,2.25,H,1.0,0.0,3,0,Avellino,Vicenza,29/08/2026,I2
2.82,3.0,2.4,2.35,D,0.0,1.0,1,1,Padova,Verona,29/08/2026,I2
3.5,3.2,2.05,2.35,A,1.0,1.0,2,3,Arezzo,Palermo,30/08/2026,I2
2.05,3.1,3.5,2.1,H,1.0,1.0,3,1,Mantova,Empoli,30/08/2026,I2
2.05,3.1,3.6,2.35,D,0.0,1.0,1,1,Benevento,Sudtirol,30/08/2026,I2
1.79,3.1,4.5,2.3,H,1.0,1.0,2,1,Pisa,Catanzaro,30/08/2026,I2
2.25,3.0,3.2,2.15,H,0.0,0.0,2,0,Sudtirol,Catanzaro,05/09/2026,I2
2.2,3.0,3.2,2.05,H,0.0,0.0,1,0,Ascoli,Benevento,05/09/2026,I2
2.25,3.1,2.85,2.15,A,0.0,0.0,0,1,Carrarese,Empoli,05/09/2026,I2
2.4,3.1,2.82,1.98,D,0.0,1.0,1,1,Cesena,Mantova,06/09/2026,I2
2.75,2.85,2.5,2.2,A,1.0,0.0,0,3,Juve Stabia,Pisa,06/09/2026,I2
1.71,3.3,4.75,2.1,A,0.0,0.0,0,1,Modena,Avellino,06/09/2026,I2
2.1,3.0,3.6,2.4,D,1.0,1.0,2,2,Virtus Entella,Vicenza,06/09/2026,I2
1.62,3.6,4.75,1.93,H,1.0,0.0,5,0,Verona,Arezzo,06/09/2026,I2
1.81,3.25,4.33,2.03,H,1.0,1.0,3,1,Cremonese,Padova,06/09/2026,I2
1.81,3.25,4.33,2.05,H,1.0,1.0,3,1,Palermo,Sampdoria,07/09/2026,I2
2.35,2.8,3.75,3.2,H,1.0,0.0,3,0,Alaves,Getafe,15/08/2026,SP1
2.3,3.1,3.4,2.3,H,1.0,1.0,2,1,Sevilla,Vallecano,15/08/2026,SP1
3.2,3.6,2.15,1.8,D,1.0,1.0,2,2,Santander,Villarreal,16/08/2026,SP1
2.0,3.25,4.0,2.2,H,1.0,0.0,3,0,Espanol,Levante,16/08/2026,SP1
2.3,3.0,3.5,2.3,D,0.0,1.0,1,1,La Coruna,Elche,17/08/2026,SP1
1.33,5.25,9.5,1.73,H,0.0,0.0,2,0,Ath Madrid,Malaga,19/08/2026,SP1
2.25,3.0,3.6,2.75,D,0.0,1.0,1,1,Vallecano,Alaves,20/08/2026,SP1
2.05,3.5,3.5,1.8,H,0.0,0.0,1,0,Betis,Sociedad,21/08/2026,SP1
1.7,3.6,5.25,2.2,A,1.0,1.0,1,3,Ath Bilbao,Sevilla,22/08/2026,SP1
2.35,3.2,3.2,2.2,D,0.0,0.0,0,0,Valencia,Celta,22/08/2026,SP1
7.0,4.5,1.44,1.73,A,1.0,1.0,1,2,Espanol,Real Madrid,22/08/2026,SP1
1.85,3.6,4.1,1.88,D,1.0,1.0,2,2,Ath Madrid,Villarreal,23/08/2026,SP1
2.2,2.9,3.9,2.75,H,0.0,0.0,1,0,Getafe,Santander,23/08/2026,SP1
9.0,5.75,1.3,1.44,A,1.0,0.0,0,5,Elche,Barcelona,23/08/2026,SP1
1.83,3.6,4.33,2.0,D,0.0,0.0,0,0,Osasuna,Levante,24/08/2026,SP1
2.5,3.1,3.1,2.63,D,0.0,1.0,1,1,Malaga,La Coruna,24/08/2026,SP1
2.8,3.3,2.55,2.1,A,0.0,0.0,0,1,Valencia,Betis,25/08/2026,SP1
1.3,6.25,8.0,1.44,H,1.0,1.0,4,1,Real Madrid,Sociedad,26/08/2026,SP1
2.0,3.3,4.0,2.2,A,1.0,1.0,1,2,Celta,Osasuna,27/08/2026,SP1
1.33,5.25,8.0,1.44,H,0.0,0.0,2,0,Barcelona,Ath Bilbao,27/08/2026,SP1
2.0,3.6,3.6,1.67,H,1.0,1.0,3,2,Santander,Elche,28/08/2026,SP1
3.2,3.5,2.2,1.8,H,0.0,0.0,1,0,Alaves,Villarreal,28/08/2026,SP1
3.4,3.3,2.2,1.98,H,1.0,1.0,5,2,Levante,Betis,29/08/2026,SP1
1.91,3.6,4.0,1.88,H,1.0,1.0,2,1,Sociedad,Espanol,29/08/2026,SP1
3.6,3.3,2.1,1.98,A,1.0,1.0,1,3,Sevilla,Ath Madrid,29/08/2026,SP1
1.11,9.0,21.0,1.33,H,1.0,0.0,4,0,Real Madrid,Malaga,30/08/2026,SP1
2.55,3.0,3.1,2.38,H,1.0,1.0,3,1,La Coruna,Valencia,30/08/2026,SP1
2.38,3.2,3.1,2.1,A,0.0,0.0,0,2,Celta,Ath Bilbao,30/08/2026,SP1
2.2,3.0,3.75,3.0,H,0.0,0.0,1,0,Osasuna,Getafe,31/08/2026,SP1
1.17,8.0,13.0,1.36,H,1.0,1.0,5,2,Barcelona,Vallecano,31/08/2026,SP1
1.95,3.6,3.8,1.93,D,0.0,0.0,0,0,Sociedad,Celta,03/09/2026,SP1
7.0,5.25,1.38,1.36,H,0.0,0.0,1,0,Betis,Real Madrid,04/09/2026,SP1
3.1,3.3,2.3,1.91,H,1.0,0.0,3,0,Ath Bilbao,Ath Madrid,05/09/2026,SP1
2.25,3.25,3.3,1.83,H,1.0,1.0,3,2,Vallecano,Santander,05/09/2026,SP1
1.5,4.2,6.5,1.73,A,1.0,1.0,2,3,Villarreal,La Coruna,05/09/2026,SP1
10.0,5.75,1.29,1.36,A,1.0,0.0,0,5,Valencia,Barcelona,06/09/2026,SP1
2.25,3.1,3.5,2.5,H,1.0,1.0,5,2,Alaves,Osasuna,06/09/2026,SP1
2.38,3.25,3.0,1.98,D,0.0,0.0,0,0,Malaga,Levante,06/09/2026,SP1
2.3,3.1,3.4,2.38,D,0.0,1.0,1,1,Espanol,Sevilla,06/09/2026,SP1
2.4,2.9,3.4,3.0,D,0.0,1.0,1,1,Getafe,Celta,07/09/2026,SP1
3.1,3.25,2.38,1.8,A,1.0,1.0,2,3,Elche,Sociedad,07/09/2026,SP1
4.1,3.9,1.76,1.67,A,0.0,0.0,0,1,Sociedad B,Castellon,14/08/2026,SP2
1.68,3.7,4.75,1.8,H,1.0,1.0,5,1,Andorra,Ceuta,15/08/2026,SP2
1.96,3.5,3.6,1.98,D,0.0,0.0,0,0,Cadiz,Celta B,15/08/2026,SP2
1.68,3.5,5.0,2.0,D,0.0,0.0,0,0,Oviedo,Granada,15/08/2026,SP2
1.66,3.5,5.25,1.95,H,0.0,0.0,2,0,Mallorca,Valladolid,15/08/2026,SP2
1.86,3.3,4.2,2.25,A,1.0,1.0,1,3,Eibar,Tenerife,16/08/2026,SP2
2.35,3.2,3.0,2.25,H,1.0,1.0,3,2,Burgos,Cordoba,16/08/2026,SP2
1.57,3.5,6.25,2.1,D,0.0,1.0,1,1,Girona,Leganes,16/08/2026,SP2
1.57,3.8,5.5,1.95,H,1.0,1.0,2,1,Las Palmas,Albacete,16/08/2026,SP2
1.71,3.4,5.0,2.25,D,0.0,0.0,0,0,Sp Gijon,Sabadell,17/08/2026,SP2
1.3,4.75,10.0,1.67,H,1.0,0.0,3,0,Almeria,Eldense,17/08/2026,SP2
2.57,3.5,2.45,1.75,H,1.0,1.0,2,1,Cordoba,Girona,21/08/2026,SP2
1.81,3.3,4.5,2.35,A,0.0,0.0,0,1,Oviedo,Leganes,22/08/2026,SP2
1.76,3.4,4.5,1.85,A,1.0,1.0,1,2,Albacete,Sociedad B,22/08/2026,SP2
2.85,3.2,2.45,2.05,A,0.0,0.0,0,2,Ceuta,Las Palmas,22/08/2026,SP2
2.25,3.0,3.4,2.15,D,1.0,1.0,2,2,Eldense,Cadiz,22/08/2026,SP2
2.1,3.1,3.4,2.3,H,0.0,0.0,1,0,Eibar,Valladolid,23/08/2026,SP2
1.53,3.75,6.0,1.7,D,0.0,0.0,0,0,Castellon,Sabadell,23/08/2026,SP2
2.55,2.82,3.0,2.4,H,0.0,0.0,1,0,Sp Gijon,Burgos,23/08/2026,SP2
3.2,3.2,2.2,2.08,H,0.0,0.0,1,0,Tenerife,Almeria,23/08/2026,SP2
3.3,3.25,2.15,1.88,H,1.0,1.0,4,2,Celta B,Andorra,24/08/2026,SP2
3.0,3.0,2.5,2.4,H,0.0,0.0,2,0,Granada,Mallorca,24/08/2026,SP2
2.2,3.2,3.3,2.3,A,0.0,0.0,0,1,Tenerife,Sp Gijon,28/08/2026,SP2
2.65,3.2,2.55,2.15,H,0.0,0.0,1,0,Sabadell,Almeria,29/08/2026,SP2
2.45,3.2,2.85,2.4,A,0.0,0.0,0,1,Albacete,Oviedo,29/08/2026,SP2
1.91,3.5,3.8,2.05,H,0.0,0.0,1,0,Leganes,Eldense,29/08/2026,SP2
1.68,3.5,5.0,1.8,H,1.0,1.0,5,2,Girona,Las Palmas,29/08/2026,SP2
2.05,3.1,3.6,2.15,A,0.0,0.0,0,1,Andorra,Eibar,30/08/2026,SP2
2.5,3.0,3.0,2.4,D,0.0,1.0,1,1,Cadiz,Valladolid,30/08/2026,SP2
1.39,4.2,8.0,1.7,H,1.0,0.0,3,0,Mallorca,Ceuta,30/08/2026,SP2
1.76,3.6,4.33,1.9,A,1.0,1.0,1,3,Cordoba,Granada,30/08/2026,SP2
1.76,3.4,4.75,2.15,D,1.0,1.0,2,2,Burgos,Sociedad B,31/08/2026,SP2
4.2,3.7,1.76,1.8,A,1.0,1.0,1,2,Celta B,Castellon,31/08/2026,SP2
1.91,3.5,3.7,1.85,D,0.0,0.0,0,0,Las Palmas,Leganes,04/09/2026,SP2
2.5,3.2,2.75,2.15,D,0.0,1.0,1,1,Sociedad B,Tenerife,05/09/2026,SP2
2.75,3.25,2.45,1.95,A,0.0,0.0,0,2,Sp Gijon,Girona,05/09/2026,SP2
2.01,3.5,3.5,1.85,A,0.0,0.0,0,2,Ceuta,Celta B,05/09/2026,SP2
2.4,3.25,2.82,1.95,H,0.0,0.0,1,0,Valladolid,Andorra,05/09/2026,SP2
3.5,3.4,2.01,2.0,D,0.0,0.0,0,0,Eldense,Mallorca,05/09/2026,SP2
1.96,3.3,3.8,2.25,H,1.0,0.0,3,0,Eibar,Granada,06/09/2026,SP2
1.86,3.25,4.33,2.6,D,0.0,0.0,0,0,Oviedo,Burgos,06/09/2026,SP2
1.49,4.0,6.0,1.67,H,0.0,0.0,2,0,Castellon,Albacete,06/09/2026,SP2
1.46,4.2,6.0,1.75,H,1.0,1.0,3,2,Almeria,Cadiz,06/09/2026,SP2
2.1,3.25,3.3,2.08,H,1.0,1.0,3,2,Sabadell,Cordoba,07/09/2026,SP2
1.73,4.1,4.33,1.57,H,1.0,0.0,4,0,Marseille,Strasbourg,21/08/2026,F1
1.55,4.5,5.25,1.67,H,1.0,1.0,5,2,Lens,Auxerre,22/08/2026,F1
2.55,3.4,2.7,1.88,D,1.0,1.0,2,2,Le Mans,Brest,22/08/2026,F1
2.1,3.5,3.4,1.85,D,0.0,0.0,0,0,Nice,Lorient,22/08/2026,F1
2.8,3.4,2.5,1.83,A,0.0,0.0,0,2,Toulouse,Lyon,22/08/2026,F1
3.1,3.4,2.3,1.73,D,0.0,0.0,0,0,Troyes,Paris FC,22/08/2026,F1
5.0,3.7,1.7,2.03,A,0.0,0.0,0,2,Angers,Lille,23/08/2026,F1
3.6,4.0,1.91,1.57,A,0.0,0.0,0,1,Le Havre,Monaco,23/08/2026,F1
5.75,4.75,1.5,1.44,D,1.0,1.0,2,2,Rennes,Paris SG,23/08/2026,F1
5.0,3.8,1.7,1.8,D,1.0,1.0,2,2,Lille,Paris SG,28/08/2026,F1
3.5,3.6,2.05,1.67,H,1.0,1.0,2,1,Strasbourg,Lens,29/08/2026,F1
1.95,3.5,4.1,2.03,A,1.0,1.0,1,3,Auxerre,Angers,29/08/2026,F1
2.63,3.4,2.63,2.0,D,1.0,1.0,2,2,Brest,Toulouse,29/08/2026,F1
1.8,3.6,4.5,2.05,A,1.0,1.0,1,2,Lorient,Troyes,29/08/2026,F1
1.44,4.5,7.0,1.73,D,0.0,1.0,1,1,Lyon,Le Havre,29/08/2026,F1
2.05,3.3,3.8,2.1,H,1.0,0.0,3,0,Paris FC,Nice,30/08/2026,F1
1.44,5.0,6.5,1.57,H,1.0,1.0,3,2,Rennes,Le Mans,30/08/2026,F1
2.4,3.7,2.75,1.57,H,0.0,0.0,2,0,Monaco,Marseille,30/08/2026,F1
3.25,3.25,2.15,2.0,A,0.0,0.0,0,1,Toulouse,Lille,03/09/2026,F1
1.42,4.5,7.5,1.62,H,1.0,1.0,3,1,Lyon,Auxerre,04/09/2026,F1
1.33,5.75,7.5,1.36,A,1.0,1.0,1,2,Paris SG,Monaco,04/09/2026,F1
1.45,4.33,7.0,1.62,A,0.0,0.0,0,1,Lens,Lorient,05/09/2026,F1
2.63,3.25,2.7,2.1,A,1.0,1.0,1,2,Le Havre,Brest,05/09/2026,F1
1.85,3.6,4.33,1.91,D,0.0,1.0,1,1,Nice,Le Mans,05/09/2026,F1
3.1,3.4,2.3,1.88,A,1.0,1.0,2,6,Troyes,Strasbourg,06/09/2026,F1
4.0,3.75,1.85,1.67,A,1.0,1.0,1,2,Angers,Rennes,06/09/2026,F1
1.75,3.8,4.33,1.67,A,1.0,1.0,2,3,Marseille,Paris FC,06/09/2026,F1
2.4,3.2,2.75,2.1,D,0.0,0.0,0,0,Boulogne,Nancy,08/08/2026,F2
3.6,3.4,1.95,2.1,D,0.0,0.0,0,0,Clermont,Reims,08/08/2026,F2
1.9,3.4,3.7,1.98,H,1.0,1.0,4,2,Dunkerque,Grenoble,08/08/2026,F2
2.0,3.4,3.3,1.98,H,1.0,1.0,2,1,Metz,Guingamp,08/08/2026,F2
1.85,3.25,4.0,2.1,D,0.0,1.0,1,1,Montpellier,Dijon,08/08/2026,F2
1.85,3.3,4.0,2.05,A,0.0,0.0,0,1,Nantes,Red Star,08/08/2026,F2
2.5,3.4,2.5,1.85,A,0.0,0.0,0,1,Pau FC,Annecy,08/08/2026,F2
1.95,3.3,3.5,1.95,H,1.0,1.0,3,1,Rodez,Laval,08/08/2026,F2
3.6,3.4,1.91,2.05,A,1.0,0.0,0,3,Sochaux,St Etienne,08/08/2026,F2
2.15,3.4,3.25,1.85,H,0.0,0.0,2,0,Annecy,Rodez,14/08/2026,F2
2.2,3.1,3.2,2.08,A,0.0,0.0,0,1,Dijon,Pau FC,14/08/2026,F2
3.7,3.2,1.95,2.03,D,0.0,0.0,0,0,Grenoble,Metz,14/08/2026,F2
1.75,3.5,4.75,2.08,H,0.0,0.0,1,0,Guingamp,Boulogne,14/08/2026,F2
3.7,3.3,1.9,2.0,H,1.0,1.0,2,1,Laval,Nantes,14/08/2026,F2
2.75,3.25,2.55,2.05,A,0.0,0.0,0,1,Nancy,Montpellier,14/08/2026,F2
1.9,3.4,3.7,2.0,D,0.0,0.0,0,0,Red Star,Sochaux,14/08/2026,F2
1.8,3.6,4.33,1.85,D,1.0,1.0,3,3,Reims,Dunkerque,14/08/2026,F2
1.45,4.2,7.0,1.73,H,1.0,1.0,3,1,St Etienne,Clermont,14/08/2026,F2
3.25,3.25,2.0,2.05,D,0.0,1.0,1,1,Boulogne,Red Star,21/08/2026,F2
2.55,3.0,2.55,2.1,D,0.0,1.0,1,1,Clermont,Dijon,21/08/2026,F2
2.25,3.25,2.8,1.73,A,0.0,0.0,0,1,Dunkerque,Montpellier,21/08/2026,F2
2.35,3.0,2.88,2.08,A,0.0,0.0,0,1,Pau FC,Nancy,21/08/2026,F2
2.6,3.2,2.45,1.98,H,0.0,0.0,1,0,Sochaux,Guingamp,21/08/2026,F2
1.8,3.25,4.0,2.08,D,0.0,1.0,1,1,Metz,Laval,22/08/2026,F2
1.67,3.5,4.2,1.83,A,1.0,1.0,2,5,Nantes,Rodez,22/08/2026,F2
1.4,4.1,6.5,1.73,H,1.0,0.0,4,0,St Etienne,Grenoble,22/08/2026,F2
1.75,3.5,4.0,1.93,H,1.0,1.0,3,1,Reims,Annecy,24/08/2026,F2
2.4,3.0,2.63,2.1,D,0.0,0.0,0,0,Clermont,Sochaux,28/08/2026,F2
2.0,3.0,3.5,2.08,A,1.0,0.0,0,3,Laval,Grenoble,28/08/2026,F2
1.6,3.3,5.0,2.05,D,0.0,0.0,0,0,Montpellier,Boulogne,28/08/2026,F2
2.38,3.1,2.63,1.85,H,0.0,0.0,2,0,Nancy,Dunkerque,28/08/2026,F2
1.62,3.6,4.33,1.67,D,1.0,1.0,2,2,Rodez,Pau FC,28/08/2026,F2
2.5,3.0,2.6,2.08,D,0.0,1.0,1,1,Annecy,Metz,29/08/2026,F2
2.6,3.0,2.5,2.05,A,1.0,1.0,1,4,Red Star,Reims,29/08/2026,F2
3.0,3.1,2.2,1.88,D,1.0,1.0,3,3,Guingamp,Nantes,29/08/2026,F2
3.9,3.2,1.8,2.0,A,1.0,1.0,2,3,Dijon,St Etienne,31/08/2026,F2
2.8,2.9,2.4,2.35,D,0.0,1.0,1,1,Boulogne,Dijon,04/09/2026,F2
1.73,3.3,4.33,1.88,D,0.0,1.0,1,1,Dunkerque,Clermont,04/09/2026,F2
3.0,3.0,2.25,2.3,A,1.0,1.0,1,2,Grenoble,Annecy,04/09/2026,F2
3.0,3.1,2.2,2.0,A,1.0,1.0,1,2,Laval,Red Star,04/09/2026,F2
2.25,3.2,2.9,2.15,D,0.0,1.0,1,1,Pau FC,Sochaux,04/09/2026,F2
2.05,3.1,3.3,1.75,H,1.0,1.0,4,1,Metz,Rodez,05/09/2026,F2
1.75,3.3,4.1,1.7,D,1.0,1.0,2,2,Reims,Guingamp,05/09/2026,F2
1.5,3.7,5.75,1.67,H,1.0,1.0,3,1,St Etienne,Montpellier,05/09/2026,F2
1.91,3.2,3.6,1.9,H,0.0,0.0,1,0,Nantes,Nancy,07/09/2026,F2
2.6,3.4,2.7,1.75,A,1.0,0.0,0,4,Cambuur,Excelsior,07/08/2026,N1
1.5,4.5,6.0,1.44,A,1.0,1.0,1,2,Nijmegen,Telstar,08/08/2026,N1
1.65,4.1,4.75,1.57,H,1.0,1.0,4,1,Go Ahead Eagles,Willem II,08/08/2026,N1
1.2,7.5,12.0,1.22,D,1.0,1.0,2,2,PSV Eindhoven,For Sittard,08/08/2026,N1
1.45,4.5,7.0,1.53,H,0.0,0.0,2,0,AZ Alkmaar,Den Haag,08/08/2026,N1
4.5,4.1,1.7,1.53,A,0.0,0.0,0,1,Sparta Rotterdam,Feyenoord,09/08/2026,N1
2.3,3.5,3.0,1.8,H,1.0,1.0,2,1,Groningen,Utrecht,09/08/2026,N1
6.0,4.5,1.5,1.48,A,0.0,0.0,0,2,Zwolle,Ajax,09/08/2026,N1
3.0,3.8,2.2,1.48,H,0.0,0.0,1,0,Heerenveen,Twente,09/08/2026,N1
2.15,3.6,3.2,1.57,A,1.0,1.0,1,3,Telstar,Sparta Rotterdam,14/08/2026,N1
4.75,4.75,1.57,1.44,A,1.0,1.0,1,4,Willem II,Nijmegen,15/08/2026,N1
2.75,3.75,2.38,1.57,A,1.0,1.0,1,4,Utrecht,AZ Alkmaar,15/08/2026,N1
5.5,4.33,1.57,1.36,A,1.0,1.0,1,2,Excelsior,PSV Eindhoven,15/08/2026,N1
1.7,4.0,4.75,1.5,H,1.0,1.0,3,1,For Sittard,Cambuur,15/08/2026,N1
2.75,3.75,2.38,1.65,A,1.0,1.0,1,4,Den Haag,Groningen,16/08/2026,N1
1.36,5.5,7.5,1.36,D,1.0,1.0,2,2,Feyenoord,Go Ahead Eagles,16/08/2026,N1
1.29,6.0,9.5,1.36,H,1.0,1.0,3,1,Twente,Zwolle,16/08/2026,N1
1.44,4.5,7.0,1.4,D,1.0,1.0,2,2,Ajax,Heerenveen,16/08/2026,N1
5.25,4.2,1.6,1.48,A,0.0,0.0,0,2,For Sittard,AZ Alkmaar,22/08/2026,N1
2.63,3.4,2.63,1.7,D,1.0,1.0,3,3,Sparta Rotterdam,Utrecht,22/08/2026,N1
1.6,4.2,5.25,1.44,A,0.0,0.0,0,2,Heerenveen,Zwolle,22/08/2026,N1
1.73,3.8,4.75,1.53,H,1.0,1.0,3,1,Go Ahead Eagles,Den Haag,23/08/2026,N1
1.36,5.0,8.5,1.33,H,1.0,1.0,5,1,PSV Eindhoven,Groningen,23/08/2026,N1
11.0,5.75,1.27,1.4,A,1.0,1.0,2,5,Cambuur,Feyenoord,23/08/2026,N1
1.45,4.75,6.25,1.48,A,1.0,1.0,2,3,Groningen,For Sittard,28/08/2026,N1
2.4,3.8,2.63,1.53,H,1.0,1.0,2,1,Excelsior,Sparta Rotterdam,29/08/2026,N1
1.4,5.0,7.5,1.4,H,1.0,1.0,5,2,AZ Alkmaar,Go Ahead Eagles,29/08/2026,N1
4.5,4.33,1.67,1.44,A,1.0,1.0,1,3,Zwolle,Nijmegen,29/08/2026,N1
4.5,4.33,1.67,1.4,A,1.0,1.0,1,6,Utrecht,PSV Eindhoven,30/08/2026,N1
1.17,8.0,15.0,1.29,D,1.0,1.0,2,2,Feyenoord,Den Haag,30/08/2026,N1
4.0,4.33,1.75,1.44,D,1.0,1.0,2,2,Willem II,Heerenveen,30/08/2026,N1
5.0,4.5,1.57,1.4,A,1.0,0.0,0,4,Telstar,Ajax,30/08/2026,N1
7.5,5.75,1.33,1.44,A,1.0,1.0,1,4,Cambuur,Twente,30/08/2026,N1
1.91,3.6,3.9,1.53,D,1.0,1.0,2,2,Sparta Rotterdam,Zwolle,04/09/2026,N1
2.9,3.9,2.2,1.36,A,1.0,1.0,1,3,Nijmegen,Feyenoord,05/09/2026,N1
2.7,3.75,2.4,1.3,A,1.0,1.0,1,3,Ajax,PSV Eindhoven,05/09/2026,N1
3.0,3.5,2.3,1.62,A,1.0,0.0,0,3,Willem II,Excelsior,05/09/2026,N1
3.3,3.8,2.05,1.53,D,1.0,1.0,2,2,Groningen,Twente,06/09/2026,N1
3.9,4.0,1.8,1.44,A,1.0,1.0,2,3,Heerenveen,AZ Alkmaar,06/09/2026,N1
1.62,4.33,4.75,1.44,D,1.0,1.0,2,2,Telstar,Cambuur,06/09/2026,N1
2.05,3.9,3.1,1.44,A,1.0,1.0,2,3,Den Haag,For Sittard,06/09/2026,N1
2.1,4.0,3.1,2.55,D,1.0,1.0,3,3,Utrecht,Go Ahead Eagles,08/09/2026,N1
1.62,4.1,5.0,1.48,D,1.0,1.0,2,2,Nijmegen,Excelsior,08/09/2026,N1
1.25,6.0,11.0,1.3,H,0.0,0.0,1,0,Twente,Telstar,09/09/2026,N1
1.22,6.0,10.0,1.36,H,1.0,0.0,3,0,Club Brugge,Kortrijk,07/08/2026,B1
2.2,3.5,2.8,1.95,D,1.0,1.0,2,2,Standard,Cercle Brugge,08/08/2026,B1
1.6,3.75,5.25,1.8,D,0.0,1.0,1,1,St Truiden,Lommel SK,08/08/2026,B1
3.9,3.75,1.7,1.8,A,1.0,1.0,1,5,Westerlo,St. Gilloise,08/08/2026,B1
1.91,3.5,3.6,1.9,H,0.0,0.0,2,0,Gent,Mechelen,09/08/2026,B1
1.75,3.5,4.2,2.0,H,1.0,1.0,3,1,Charleroi,Oud-Heverlee Leuven,09/08/2026,B1
2.9,3.6,2.1,1.73,H,1.0,1.0,2,1,Waregem,Genk,09/08/2026,B1
1.73,3.5,4.2,1.95,H,1.0,1.0,2,1,Anderlecht,RAAL La Louviere,09/08/2026,B1
1.73,3.5,4.33,2.08,H,1.0,1.0,2,1,Antwerp,Beveren,09/08/2026,B1
2.35,3.5,2.88,1.7,D,1.0,1.0,3,3,Cercle Brugge,St Truiden,14/08/2026,B1
1.33,5.0,9.5,1.6,D,0.0,0.0,0,0,St. Gilloise,Waregem,15/08/2026,B1
2.55,3.2,2.7,2.03,A,1.0,0.0,0,3,Kortrijk,Antwerp,15/08/2026,B1
1.62,4.1,5.0,1.5,H,1.0,1.0,3,2,Genk,Westerlo,15/08/2026,B1
6.0,4.75,1.44,1.48,A,1.0,0.0,0,3,Oud-Heverlee Leuven,Club Brugge,15/08/2026,B1
3.3,3.5,2.1,1.8,H,0.0,0.0,1,0,Beveren,Anderlecht,16/08/2026,B1
3.1,3.25,2.3,1.95,A,1.0,1.0,1,2,RAAL La Louviere,Gent,16/08/2026,B1
2.63,3.3,2.63,1.98,D,1.0,1.0,3,3,Mechelen,Standard,16/08/2026,B1
3.25,3.4,2.1,1.75,A,0.0,0.0,0,1,Lommel SK,Charleroi,16/08/2026,B1
1.95,3.4,3.6,2.05,H,0.0,0.0,2,0,Standard,RAAL La Louviere,21/08/2026,B1
1.95,3.5,3.3,1.83,H,1.0,0.0,4,0,Waregem,Beveren,22/08/2026,B1
1.75,3.6,4.2,1.8,H,0.0,0.0,2,0,Charleroi,Mechelen,22/08/2026,B1
3.1,3.4,2.1,1.83,D,1.0,1.0,4,4,Antwerp,Genk,22/08/2026,B1
2.5,3.3,2.5,1.7,H,1.0,0.0,4,0,Lommel SK,Westerlo,23/08/2026,B1
1.29,5.25,8.0,1.3,H,0.0,0.0,1,0,Club Brugge,Cercle Brugge,23/08/2026,B1
1.42,4.1,6.0,1.48,H,1.0,0.0,4,0,Genk,Beveren,28/08/2026,B1
2.3,3.2,2.88,2.1,D,1.0,1.0,2,2,RAAL La Louviere,Mechelen,29/08/2026,B1
3.7,3.4,1.91,1.8,A,1.0,1.0,1,3,Kortrijk,Charleroi,29/08/2026,B1
1.5,4.33,5.25,1.5,A,0.0,0.0,0,1,Cercle Brugge,Lommel SK,29/08/2026,B1
2.8,3.25,2.35,1.9,A,1.0,1.0,1,2,Oud-Heverlee Leuven,Standard,29/08/2026,B1
4.1,3.8,1.7,1.6,H,1.0,1.0,2,1,Gent,Club Brugge,30/08/2026,B1
2.45,3.4,2.7,1.8,A,1.0,1.0,1,4,Antwerp,St Truiden,30/08/2026,B1
1.67,3.7,4.75,1.75,H,1.0,0.0,3,0,St. Gilloise,Anderlecht,30/08/2026,B1
2.8,3.6,2.2,1.53,D,1.0,1.0,2,2,Westerlo,Waregem,30/08/2026,B1
3.7,3.4,1.91,1.75,A,1.0,0.0,0,3,St Truiden,St. Gilloise,02/09/2026,B1
1.48,4.2,5.5,1.57,H,0.0,0.0,1,0,Anderlecht,Kortrijk,03/09/2026,B1
1.62,3.7,5.0,1.75,H,0.0,0.0,1,0,Gent,Oud-Heverlee Leuven,03/09/2026,B1
8.5,5.25,1.29,1.3,A,0.0,0.0,0,1,Lommel SK,Club Brugge,04/09/2026,B1
3.1,3.3,2.1,1.95,A,1.0,1.0,2,3,Charleroi,St. Gilloise,05/09/2026,B1
2.05,3.5,3.1,1.6,A,1.0,0.0,0,4,Mechelen,Westerlo,05/09/2026,B1
1.6,3.7,4.75,1.7,H,1.0,0.0,4,0,St Truiden,RAAL La Louviere,05/09/2026,B1
2.15,3.2,3.2,1.8,H,0.0,0.0,1,0,Standard,Antwerp,05/09/2026,B1
2.75,3.4,2.25,1.7,A,1.0,0.0,0,3,Cercle Brugge,Gent,06/09/2026,B1
3.1,3.4,2.1,1.67,A,0.0,0.0,0,2,Kortrijk,Waregem,06/09/2026,B1
2.38,3.4,2.7,1.7,D,0.0,0.0,0,0,Anderlecht,Genk,06/09/2026,B1
2.0,3.5,3.4,1.6,H,1.0,0.0,3,0,Beveren,Oud-Heverlee Leuven,06/09/2026,B1
2.75,3.3,2.4,1.93,D,0.0,1.0,1,1,Estoril,Famalicao,07/08/2026,P1
2.32,3.5,2.75,2.0,H,0.0,0.0,1,0,Maritimo,Casa Pia,08/08/2026,P1
1.86,3.4,4.0,1.95,A,0.0,0.0,0,1,Guimaraes,Arouca,08/08/2026,P1
12.0,5.75,1.22,1.53,D,1.0,1.0,2,2,Estrela,Sp Lisbon,08/08/2026,P1
1.15,6.5,15.0,1.57,H,0.0,0.0,2,0,Porto,Alverca,09/08/2026,P1
1.1,9.0,21.0,1.44,D,1.0,1.0,2,2,Benfica,Academico Viseu,09/08/2026,P1
1.91,3.5,3.8,1.98,H,0.0,0.0,1,0,Gil Vicente,Rio Ave,09/08/2026,P1
5.0,3.6,1.66,2.0,D,1.0,1.0,2,2,Moreirense,Sp Braga,09/08/2026,P1
1.86,3.25,4.2,2.15,D,1.0,1.0,2,2,Santa Clara,Nacional,10/08/2026,P1
1.3,5.25,8.0,1.57,H,1.0,1.0,3,2,Sp Lisbon,Guimaraes,14/08/2026,P1
2.1,3.3,3.4,2.15,D,1.0,1.0,2,2,Alverca,Estrela,15/08/2026,P1
2.82,3.2,2.45,2.2,A,0.0,0.0,0,1,Academico Viseu,Santa Clara,15/08/2026,P1
7.5,4.5,1.39,1.83,A,0.0,0.0,0,2,Rio Ave,Porto,15/08/2026,P1
2.65,3.3,2.55,1.93,H,0.0,0.0,2,0,Nacional,Estoril,16/08/2026,P1
2.01,3.3,3.7,2.1,H,1.0,0.0,4,0,Arouca,Moreirense,16/08/2026,P1
1.76,3.6,4.5,2.05,A,1.0,1.0,1,2,Famalicao,Maritimo,16/08/2026,P1
13.0,6.0,1.19,1.57,A,1.0,0.0,0,7,Casa Pia,Benfica,17/08/2026,P1
1.96,3.25,3.9,2.15,D,1.0,1.0,2,2,Maritimo,Academico Viseu,22/08/2026,P1
1.86,3.5,4.0,1.8,A,0.0,0.0,0,2,Estoril,Rio Ave,22/08/2026,P1
1.19,6.0,12.0,1.48,H,1.0,1.0,3,1,Sp Lisbon,Alverca,22/08/2026,P1
1.66,3.6,5.0,1.95,H,0.0,0.0,1,0,Guimaraes,Nacional,23/08/2026,P1
2.65,2.85,2.82,2.5,H,0.0,0.0,1,0,Santa Clara,Famalicao,23/08/2026,P1
1.22,5.5,12.0,1.62,H,0.0,0.0,2,0,Porto,Arouca,23/08/2026,P1
1.66,3.5,5.25,2.3,H,0.0,0.0,2,0,Gil Vicente,Casa Pia,24/08/2026,P1
8.5,5.5,1.27,1.6,A,1.0,0.0,0,4,Rio Ave,Sp Lisbon,28/08/2026,P1
2.57,3.1,2.65,2.35,D,0.0,1.0,1,1,Alverca,Santa Clara,29/08/2026,P1
2.1,3.25,3.4,2.08,H,1.0,1.0,2,1,Arouca,Maritimo,29/08/2026,P1
9.0,4.75,1.3,1.7,A,1.0,0.0,0,3,Academico Viseu,Porto,29/08/2026,P1
2.3,3.3,3.1,2.0,A,1.0,1.0,2,3,Nacional,Estrela,30/08/2026,P1
2.35,3.1,3.1,2.4,A,0.0,0.0,0,1,Casa Pia,Moreirense,30/08/2026,P1
2.15,3.25,3.3,2.25,D,0.0,0.0,0,0,Famalicao,Gil Vicente,30/08/2026,P1
1.15,7.5,12.0,1.4,H,1.0,1.0,2,1,Benfica,Estoril,31/08/2026,P1
1.68,3.6,5.0,1.98,H,0.0,0.0,1,0,Sp Braga,Guimaraes,31/08/2026,P1
1.11,7.0,21.0,1.6,H,1.0,1.0,2,1,Porto,Moreirense,04/09/2026,P1
3.0,3.2,2.35,2.15,D,1.0,1.0,2,2,Estrela,Famalicao,05/09/2026,P1
4.75,3.5,1.71,2.08,A,1.0,1.0,1,2,Alverca,Sp Braga,05/09/2026,P1
12.0,5.5,1.22,1.53,A,1.0,0.0,0,3,Maritimo,Benfica,05/09/2026,P1
1.17,6.5,13.0,1.44,H,0.0,0.0,2,0,Sp Lisbon,Nacional,05/09/2026,P1
1.76,3.4,4.75,2.2,H,1.0,0.0,4,0,Santa Clara,Rio Ave,06/09/2026,P1
1.46,3.8,6.5,2.0,D,0.0,0.0,0,0,Guimaraes,Casa Pia,06/09/2026,P1
1.86,3.3,4.2,2.08,A,0.0,0.0,0,1,Gil Vicente,Academico Viseu,06/09/2026,P1
2.25,3.4,3.0,1.85,D,0.0,0.0,0,0,Estoril,Arouca,07/09/2026,P1
12.0,8.0,1.13,1.48,A,1.0,0.0,0,4,Moreirense,Benfica,09/09/2026,P1
4.75,3.6,1.71,2.0,H,1.0,1.0,2,1,Estrela,Sp Braga,10/09/2026,P1
1.25,5.75,9.0,1.53,D,1.0,1.0,2,2,Galatasaray,Corum,14/08/2026,T1
4.2,3.75,1.76,1.8,D,0.0,1.0,1,1,Kasimpasa,Trabzonspor,15/08/2026,T1
2.35,3.4,2.82,1.85,A,0.0,0.0,0,1,Konyaspor,Rizespor,15/08/2026,T1
2.45,3.4,2.65,1.9,D,0.0,1.0,1,1,Gaziantep,Alanyaspor,15/08/2026,T1
7.0,4.75,1.39,1.7,H,1.0,1.0,2,1,Genclerbirligi,Fenerbahce,15/08/2026,T1
1.46,4.0,7.0,1.85,H,0.0,0.0,2,0,Buyuksehyr,Kocaelispor,16/08/2026,T1
2.2,3.4,3.1,1.8,H,1.0,0.0,3,0,Amedspor,Erzurumspor,16/08/2026,T1
1.3,5.0,9.0,1.53,H,0.0,0.0,1,0,Besiktas,Eyupspor,16/08/2026,T1
2.1,3.3,3.4,2.08,D,1.0,1.0,3,3,Samsunspor,Goztep,17/08/2026,T1
6.25,4.1,1.46,1.67,A,1.0,0.0,0,4,Erzurumspor,Galatasaray,21/08/2026,T1
2.2,3.5,3.0,1.9,A,0.0,0.0,0,1,Corum,Kasimpasa,22/08/2026,T1
2.25,3.4,3.1,1.83,A,0.0,0.0,0,2,Rizespor,Samsunspor,22/08/2026,T1
1.25,5.25,10.0,1.53,H,1.0,1.0,4,2,Fenerbahce,Konyaspor,22/08/2026,T1
2.75,3.3,2.4,1.9,A,0.0,0.0,0,1,Eyupspor,Gaziantep,23/08/2026,T1
2.01,3.6,3.3,1.7,H,1.0,1.0,2,1,Trabzonspor,Buyuksehyr,23/08/2026,T1
3.75,3.6,1.86,1.8,H,0.0,0.0,1,0,Alanyaspor,Besiktas,23/08/2026,T1
1.61,3.8,5.0,1.9,A,0.0,0.0,0,1,Goztep,Genclerbirligi,23/08/2026,T1
2.1,3.6,3.1,2.08,H,0.0,0.0,2,0,Kocaelispor,Amedspor,24/08/2026,T1
1.96,3.25,3.9,2.3,D,0.0,1.0,1,1,Genclerbirligi,Erzurumspor,28/08/2026,T1
1.91,3.4,3.8,2.08,A,1.0,1.0,1,2,Konyaspor,Kocaelispor,29/08/2026,T1
1.33,4.75,8.0,1.65,H,1.0,1.0,3,2,Galatasaray,Goztep,29/08/2026,T1
2.45,3.5,2.57,1.8,A,1.0,1.0,1,2,Gaziantep,Rizespor,29/08/2026,T1
3.2,3.3,2.2,2.08,H,1.0,1.0,2,1,Eyupspor,Alanyaspor,30/08/2026,T1
1.61,3.8,5.25,1.75,D,0.0,1.0,1,1,Buyuksehyr,Kasimpasa,30/08/2026,T1
5.0,4.2,1.56,1.62,A,0.0,0.0,0,2,Samsunspor,Fenerbahce,30/08/2026,T1
3.6,3.8,1.86,1.7,H,1.0,1.0,2,1,Amedspor,Trabzonspor,31/08/2026,T1
1.37,5.0,7.0,1.83,H,1.0,1.0,6,2,Besiktas,Corum,31/08/2026,T1
5.0,4.33,1.51,1.48,A,1.0,1.0,2,3,Buyuksehyr,Galatasaray,04/09/2026,T1
2.2,3.4,2.85,2.08,H,0.0,0.0,1,0,Erzurumspor,Konyaspor,05/09/2026,T1
1.76,3.7,3.9,1.7,A,1.0,1.0,1,2,Fenerbahce,Besiktas,05/09/2026,T1
1.62,3.5,4.75,1.95,H,1.0,0.0,3,0,Corum,Eyupspor,06/09/2026,T1
2.1,3.3,3.2,2.1,D,1.0,1.0,2,2,Kasimpasa,Amedspor,06/09/2026,T1
2.4,3.1,2.82,2.2,H,0.0,0.0,1,0,Kocaelispor,Samsunspor,06/09/2026,T1
1.49,4.0,5.5,1.73,H,1.0,0.0,5,0,Trabzonspor,Genclerbirligi,06/09/2026,T1
1.79,3.6,3.8,1.8,A,1.0,1.0,2,4,Goztep,Gaziantep,07/09/2026,T1
1.81,3.3,4.1,2.0,A,0.0,0.0,0,1,Rizespor,Alanyaspor,07/09/2026,T1
5.75,4.33,1.46,1.53,D,0.0,1.0,1,1,Dundee United,Rangers,31/07/2026,SC0
1.96,3.6,3.5,1.83,A,0.0,0.0,0,2,Falkirk,St Mirren,01/08/2026,SC0
3.2,3.4,2.15,1.73,H,1.0,1.0,2,1,Aberdeen,Hearts,01/08/2026,SC0
2.15,3.4,3.2,1.83,H,1.0,1.0,4,3,St Johnstone,Kilmarnock,02/08/2026,SC0
2.2,3.4,3.1,1.85,A,1.0,1.0,1,2,Hibernian,Motherwell,02/08/2026,SC0
1.17,7.5,10.0,1.36,H,0.0,0.0,1,0,Celtic,Dundee,03/08/2026,SC0
2.65,3.5,2.45,1.88,H,0.0,0.0,2,0,Dundee,Aberdeen,08/08/2026,SC0
2.25,3.3,3.1,1.9,H,0.0,0.0,1,0,St Mirren,St Johnstone,08/08/2026,SC0
7.0,5.0,1.37,1.44,A,1.0,1.0,1,5,Kilmarnock,Celtic,09/08/2026,SC0
1.57,4.33,4.75,1.73,H,1.0,0.0,4,0,Hearts,Dundee United,09/08/2026,SC0
1.79,3.75,4.1,1.73,D,0.0,0.0,0,0,Motherwell,Falkirk,09/08/2026,SC0
1.49,4.33,5.5,1.57,A,1.0,1.0,1,2,Rangers,Hibernian,09/08/2026,SC0
2.15,3.4,3.2,1.8,A,0.0,0.0,0,2,Dundee United,Dundee,22/08/2026,SC0
1.19,6.5,11.0,1.36,H,1.0,1.0,2,1,Celtic,Falkirk,29/08/2026,SC0
1.68,3.75,4.5,1.73,H,1.0,1.0,2,1,Hearts,St Johnstone,29/08/2026,SC0
2.35,3.4,2.7,1.8,A,1.0,0.0,0,4,Kilmarnock,Dundee United,29/08/2026,SC0
4.33,3.8,1.76,1.67,A,0.0,0.0,0,1,Aberdeen,Rangers,30/08/2026,SC0
3.2,3.4,2.2,1.91,A,1.0,1.0,1,2,Dundee,Hibernian,30/08/2026,SC0
2.45,3.3,2.7,2.0,D,1.0,1.0,3,3,St Mirren,Motherwell,30/08/2026,SC0
1.19,6.5,11.0,1.4,H,1.0,0.0,3,0,Celtic,Aberdeen,02/09/2026,SC0
2.55,3.5,2.55,1.88,D,0.0,1.0,1,1,Dundee,St Johnstone,02/09/2026,SC0
2.75,3.4,2.4,1.83,A,0.0,0.0,0,1,Kilmarnock,St Mirren,02/09/2026,SC0
1.91,3.75,3.6,1.73,H,1.0,0.0,3,0,Motherwell,Dundee United,02/09/2026,SC0
5.0,4.33,1.56,1.62,A,1.0,1.0,1,2,Falkirk,Rangers,02/09/2026,SC0
2.45,3.5,2.65,1.88,A,1.0,1.0,1,3,Hibernian,Hearts,03/09/2026,SC0
1.68,3.75,4.5,1.67,D,0.0,0.0,0,0,Aberdeen,Kilmarnock,05/09/2026,SC0
1.86,3.6,3.8,1.73,D,0.0,1.0,1,1,Dundee United,Falkirk,05/09/2026,SC0
1.41,4.33,7.0,1.62,H,0.0,0.0,1,0,Rangers,Motherwell,05/09/2026,SC0
6.25,4.33,1.45,1.44,A,1.0,1.0,1,2,St Mirren,Celtic,05/09/2026,SC0
1.46,4.1,6.25,1.57,H,1.0,1.0,2,1,Hearts,Dundee,06/09/2026,SC0
2.75,3.25,2.45,1.9,H,1.0,1.0,2,1,St Johnstone,Hibernian,06/09/2026,SC0
1.3,5.5,8.0,1.44,H,0.0,0.0,1,0,Rangers,St Mirren,09/09/2026,SC0
5.5,4.75,1.46,1.5,A,0.0,0.0,0,1,St Johnstone,Celtic,09/09/2026,SC0
1.17,6.5,13.0,1.53,H,1.0,0.0,4,0,AEK,Iraklis,22/08/2026,G1
3.4,3.0,2.25,2.3,A,1.0,1.0,2,3,Kalamata,Aris,22/08/2026,G1
1.22,5.5,12.0,1.7,H,0.0,0.0,1,0,Olympiakos,Atromitos,22/08/2026,G1
2.05,3.2,3.6,1.85,H,0.0,0.0,2,0,OFI Crete,Volos NFC,23/08/2026,G1
1.33,4.5,9.0,1.67,H,1.0,0.0,4,0,PAOK,Levadeiakos,23/08/2026,G1
2.7,3.0,2.7,2.35,H,1.0,1.0,3,1,Panetolikos,Asteras Tripolis,23/08/2026,G1
1.86,3.5,4.1,2.1,D,0.0,1.0,1,1,Volos NFC,Iraklis,29/08/2026,G1
2.2,3.1,3.4,2.4,H,0.0,0.0,2,0,Panetolikos,Kalamata,29/08/2026,G1
1.61,3.7,5.25,1.85,H,1.0,1.0,2,1,Aris,OFI Crete,30/08/2026,G1
5.0,3.75,1.62,1.83,A,1.0,1.0,1,2,Atromitos,PAOK,30/08/2026,G1
11.0,4.5,1.3,1.9,A,0.0,0.0,0,1,Asteras Tripolis,Olympiakos,30/08/2026,G1
9.0,4.5,1.33,1.7,D,0.0,1.0,1,1,Kifisia,AEK,30/08/2026,G1
6.25,3.6,1.56,1.85,A,0.0,0.0,0,2,Levadeiakos,Panathinaikos,31/08/2026,G1
12.0,5.5,1.22,1.67,D,0.0,1.0,1,1,Volos NFC,Olympiakos,05/09/2026,G1
1.35,4.5,8.0,1.8,H,1.0,0.0,5,0,AEK,Aris,05/09/2026,G1
1.81,3.6,4.0,2.0,D,0.0,1.0,1,1,Atromitos,Kalamata,06/09/2026,G1
2.05,3.25,3.5,2.1,H,0.0,0.0,2,0,OFI Crete,Kifisia,06/09/2026,G1
1.79,3.6,4.2,2.0,A,0.0,0.0,0,2,Levadeiakos,Panetolikos,06/09/2026,G1
2.35,3.25,2.85,2.0,H,1.0,1.0,3,1,Panathinaikos,PAOK,06/09/2026,G1
1.96,3.4,3.75,2.1,A,0.0,0.0,0,2,Asteras Tripolis,Iraklis,07/09/2026,G1
1.27,5.0,11.0,1.75,H,1.0,1.0,3,1,Panathinaikos,Kifisia,10/09/2026,G1
